[
  {
    "id": "dca5ea5f-2661-42d6-8b03-41614ef10152",
    "data": [
      {
        "text": "home delivery?",
        "userDefined": false
      }
    ],
    "isTemplate": false,
    "count": 0,
    "lang": "en",
    "updated": 0
  },
  {
    "id": "0de86d17-0a00-40b9-b724-8e51fa4cb346",
    "data": [
      {
        "text": "opening time?",
        "userDefined": false
      }
    ],
    "isTemplate": false,
    "count": 0,
    "lang": "en",
    "updated": 0
  },
  {
    "id": "dfc51aaf-ce1a-46f2-8d5e-5e1c63d6ae0f",
    "data": [
      {
        "text": "closing time?",
        "userDefined": false
      }
    ],
    "isTemplate": false,
    "count": 0,
    "lang": "en",
    "updated": 0
  },
  {
    "id": "37ca4dcc-9297-449f-ab3a-74178dcfa0dc",
    "data": [
      {
        "text": "timings?",
        "userDefined": false
      }
    ],
    "isTemplate": false,
    "count": 0,
    "lang": "en",
    "updated": 0
  },
  {
    "id": "90648adb-ef01-44bb-8184-720f19363eff",
    "data": [
      {
        "text": "please deliver?",
        "userDefined": false
      }
    ],
    "isTemplate": false,
    "count": 0,
    "lang": "en",
    "updated": 0
  },
  {
    "id": "a2c826b9-7098-4d7b-836a-a72e3dad57cf",
    "data": [
      {
        "text": "delivery?",
        "userDefined": false
      }
    ],
    "isTemplate": false,
    "count": 0,
    "lang": "en",
    "updated": 0
  },
  {
    "id": "8bdd4290-99ca-4885-9b1e-3ef2ac44e6a8",
    "data": [
      {
        "text": "Will you deliver?",
        "userDefined": false
      }
    ],
    "isTemplate": false,
    "count": 0,
    "lang": "en",
    "updated": 0
  },
  {
    "id": "f404a2f0-0f4a-46a1-9a17-16650dc9ad1a",
    "data": [
      {
        "text": "can deliver?",
        "userDefined": false
      }
    ],
    "isTemplate": false,
    "count": 0,
    "lang": "en",
    "updated": 0
  },
  {
    "id": "2ab56b4e-1a74-4259-aa66-c8e82a5942d8",
    "data": [
      {
        "text": "delivery time?",
        "userDefined": false
      }
    ],
    "isTemplate": false,
    "count": 0,
    "lang": "en",
    "updated": 0
  },
  {
    "id": "374147cf-488b-4ea9-a4c9-0041a9e78ba7",
    "data": [
      {
        "text": "When do you deliver?",
        "userDefined": false
      }
    ],
    "isTemplate": false,
    "count": 0,
    "lang": "en",
    "updated": 0
  }
]