[
  {
    "id": "c33b5a64-4e3d-41fb-8ca1-baca6205fb9d",
    "data": [
      {
        "text": "Order Burger.",
        "userDefined": false
      }
    ],
    "isTemplate": false,
    "count": 0,
    "lang": "en",
    "updated": 0
  },
  {
    "id": "afc87080-9a74-4c8f-b157-33b4e4f01d00",
    "data": [
      {
        "text": "Burger delivery.",
        "userDefined": false
      }
    ],
    "isTemplate": false,
    "count": 0,
    "lang": "en",
    "updated": 0
  },
  {
    "id": "3c6908a9-4838-4ad5-9301-393603004479",
    "data": [
      {
        "text": "I  want a Burger.",
        "userDefined": false
      }
    ],
    "isTemplate": false,
    "count": 0,
    "lang": "en",
    "updated": 0
  },
  {
    "id": "6dcfbf77-a6f9-480a-85f2-212f0a9f8c3a",
    "data": [
      {
        "text": "White",
        "meta": "@BunOptions",
        "alias": "BunOptions",
        "userDefined": true
      }
    ],
    "isTemplate": false,
    "count": 0,
    "lang": "en",
    "updated": 0
  },
  {
    "id": "b7ce00f7-43a6-4172-bed9-b20b35b3ece5",
    "data": [
      {
        "text": "Whole Wheat",
        "meta": "@BunOptions",
        "alias": "BunOptions",
        "userDefined": true
      }
    ],
    "isTemplate": false,
    "count": 0,
    "lang": "en",
    "updated": 0
  },
  {
    "id": "40746dc5-4a0b-46d9-bcea-16c801a95554",
    "data": [
      {
        "text": "Multigrain",
        "meta": "@BunOptions",
        "alias": "BunOptions",
        "userDefined": true
      }
    ],
    "isTemplate": false,
    "count": 0,
    "lang": "en",
    "updated": 0
  },
  {
    "id": "a48d06f8-9bfc-42a5-9c3f-699ead946da8",
    "data": [
      {
        "text": "Double Cheese",
        "meta": "@BurgerToppings",
        "alias": "BurgerToppings",
        "userDefined": false
      }
    ],
    "isTemplate": false,
    "count": 0,
    "lang": "en",
    "updated": 0
  },
  {
    "id": "e413f09f-48f2-44ae-9b85-2f6d446be09a",
    "data": [
      {
        "text": "Double Patty",
        "meta": "@BurgerToppings",
        "alias": "BurgerToppings",
        "userDefined": false
      }
    ],
    "isTemplate": false,
    "count": 0,
    "lang": "en",
    "updated": 0
  },
  {
    "id": "96bf1c35-bba1-4098-ae3f-b7cf35f0e1ad",
    "data": [
      {
        "text": "Lettuce",
        "meta": "@BurgerToppings",
        "alias": "BurgerToppings",
        "userDefined": true
      }
    ],
    "isTemplate": false,
    "count": 0,
    "lang": "en",
    "updated": 0
  },
  {
    "id": "6767431f-6302-4c47-8ee1-dd05eafbd4e1",
    "data": [
      {
        "text": "Tomato",
        "meta": "@BurgerToppings",
        "alias": "BurgerToppings",
        "userDefined": true
      }
    ],
    "isTemplate": false,
    "count": 0,
    "lang": "en",
    "updated": 0
  }
]