[
  {
    "id": "991120be-0c4c-49b1-96e8-708af11bcc3e",
    "data": [
      {
        "text": "What is the best?",
        "userDefined": false
      }
    ],
    "isTemplate": false,
    "count": 0,
    "lang": "en",
    "updated": 0
  },
  {
    "id": "1b311337-5dd4-4b97-b573-c375ecbeb99e",
    "data": [
      {
        "text": "Any specials?",
        "userDefined": false
      }
    ],
    "isTemplate": false,
    "count": 0,
    "lang": "en",
    "updated": 0
  },
  {
    "id": "5bc770d9-5dd2-483e-a6be-92e30430ea0b",
    "data": [
      {
        "text": "Daily specials?",
        "userDefined": false
      }
    ],
    "isTemplate": false,
    "count": 0,
    "lang": "en",
    "updated": 0
  },
  {
    "id": "766fa876-07a4-420b-b179-5bc3fcbfe2e4",
    "data": [
      {
        "text": "Do you have any specials ",
        "userDefined": false
      },
      {
        "text": "today",
        "meta": "@sys.date-time",
        "alias": "date-time",
        "userDefined": false
      },
      {
        "text": "?",
        "userDefined": false
      }
    ],
    "isTemplate": false,
    "count": 0,
    "lang": "en",
    "updated": 0
  },
  {
    "id": "7e91f363-b6c2-40d6-b17e-510362e8d5df",
    "data": [
      {
        "text": "Is there anything new?",
        "userDefined": false
      }
    ],
    "isTemplate": false,
    "count": 0,
    "lang": "en",
    "updated": 0
  },
  {
    "id": "6c725e9c-44d3-4d21-921f-8d5a6068ee7a",
    "data": [
      {
        "text": "What do you have?",
        "userDefined": false
      }
    ],
    "isTemplate": false,
    "count": 0,
    "lang": "en",
    "updated": 0
  },
  {
    "id": "5d34319c-2fff-4f00-9452-f40b1abea147",
    "data": [
      {
        "text": "What is fresh",
        "userDefined": false
      }
    ],
    "isTemplate": false,
    "count": 0,
    "lang": "en",
    "updated": 0
  },
  {
    "id": "3fb602b4-423b-4af9-be9c-bad281e542dd",
    "data": [
      {
        "text": "What is good?",
        "userDefined": false
      }
    ],
    "isTemplate": false,
    "count": 0,
    "lang": "en",
    "updated": 0
  },
  {
    "id": "6a5552a5-f4ee-470f-8da6-841e329b8324",
    "data": [
      {
        "text": "Whats good?",
        "userDefined": false
      }
    ],
    "isTemplate": false,
    "count": 0,
    "lang": "en",
    "updated": 0
  }
]