[
  {
    "value": "All Toppings",
    "synonyms": [
      "All, Everything"
    ]
  },
  {
    "value": "Cucumber",
    "synonyms": [
      "Cucumber",
      "Cucumber Slice"
    ]
  },
  {
    "value": "Extra Cheese",
    "synonyms": [
      "Double Cheese",
      "Extra Cheese"
    ]
  },
  {
    "value": "Extra Patty",
    "synonyms": [
      "Double Patty",
      "Extra Patty"
    ]
  },
  {
    "value": "Lettuce",
    "synonyms": [
      "Leaf"
    ]
  },
  {
    "value": "Onion",
    "synonyms": [
      "Onion",
      "Onion Slice"
    ]
  },
  {
    "value": "Tomato",
    "synonyms": [
      "Tomato Slice",
      "Tomatoes"
    ]
  }
]